propertyTitle,createdAt
Vrindavan,2021-09-24T04:07:00+0200
The Palm Reserve,2021-09-24T08:15:00+0200
Danta Vacation Homes,2021-09-24T08:33:00+0200
Danta Coffee Estate,2021-09-24T08:43:00+0200
Serene Farms Kolar,2021-09-30T08:56:00+0200
Serene Farms Hoskote,2021-09-30T09:26:00+0200
Serene Farms Nandi Hills,2021-09-30T10:16:00+0200
BTR Farms Berigai,2021-09-30T10:42:00+0200
BTR Farms Kalingavaram,2021-09-30T10:56:00+0200
Siridharini,2021-09-30T11:12:00+0200
Urban Farmers,2021-09-30T11:44:00+0200
Saalumara Farmland,2021-09-30T12:10:00+0200
Serene Farms Kolar Farmhouse,2021-09-30T12:21:00+0200
Serene Farms Hoskote Farmhouse,2021-09-30T13:54:00+0200
Serene Farms Nandi Hills Farmhouse,2021-09-30T14:01:00+0200
Whispering Hills,2021-10-30T12:01:00+0200
Aero Farms,2021-10-30T15:59:00+0200
Amrut Farm,2021-11-02T10:40:00+0100
Ayush Green Farms,2021-11-02T11:41:00+0100
Divine Euphoria,2021-11-02T13:05:00+0100
Farm Natura,2021-11-02T13:41:00+0100
Grassroots Farm,2021-11-02T14:49:00+0100
Green Lakes,2021-11-02T15:09:00+0100
IBIS County,2021-11-02T15:33:00+0100
Jai Vasavis Chandana gardens,2021-11-02T16:04:00+0100
Nandi Farms,2021-11-02T17:00:00+0100
Parivar Farms,2021-11-03T11:54:00+0100
RWD Ecopolis,2021-11-03T13:36:00+0100
Sanctity Ferme,2021-11-13T10:45:00+0100
Sanctity Ferme 3.0,2021-11-16T10:02:00+0100
Silpa Aranya,2021-11-16T11:13:00+0100
Silpa Vanadhara,2021-11-16T12:33:00+0100
SLN Farm Lands,2021-11-17T05:36:00+0100
Suvitha Nature Village,2021-11-17T06:25:00+0100
Teju Samudai Resort Farm Land,2021-11-17T07:30:00+0100
Woodstork Hills,2021-11-17T09:42:00+0100
Nature Acre,2021-11-17T10:13:00+0100
Blooms Eco village,2021-11-17T11:49:00+0100
Blooms ecofarm,2021-11-17T12:00:00+0100
Bloosm Eco Valley,2021-11-17T12:47:00+0100
Blooms Hill View,2021-11-17T12:56:00+0100
Coffee By The Lake,2021-11-18T07:41:00+0100
Prakruthi Farms,2021-11-18T08:26:00+0100
Nature Senses,2021-11-18T10:44:00+0100
Krushi Bhoomi,2021-11-19T08:04:00+0100
Gari Eco Earth,2021-11-23T05:49:00+0100
The Hill Top Farm Retreat,2021-11-23T07:19:00+0100
Hosachiguru Sambrahma Farms,2021-11-24T12:01:00+0100
Hosachiguru Unnati Farms,2021-11-25T09:00:00+0100
DLS Arinaa,2021-11-26T07:36:00+0100
IRA Farm Life,2021-11-27T05:19:00+0100
RUSHLANDS DONJON FARMS,2021-11-27T09:52:00+0100
1 Khandala Valley,2021-11-30T05:22:00+0100
Natures Nest,2021-12-04T05:56:00+0100
Peace Wood Eco Farm Land,2021-12-04T10:08:00+0100
Pride Joy Farms,2021-12-04T12:48:00+0100
Stellar Mulberry,2021-12-08T09:51:00+0100
Udyanavanam,2021-12-08T12:06:00+0100
7 Hills Tapovanam Farms,2021-12-09T05:50:00+0100
l2k Farm Bloomers,2021-12-09T07:28:00+0100
Vrddhi Farm Houses,2021-12-09T09:45:00+0100
Hebbevu,2021-12-12T05:49:00+0100
Holiday Valley,2021-12-12T10:23:00+0100
Planet Eye Forest View,2021-12-14T06:57:00+0100
Chandan Valley,2021-12-14T11:34:00+0100
Sanvi Sandalwood Sanctuary,2021-12-22T05:38:00+0100
Graama Farms,2022-01-10T04:26:00+0100
Kar Na Sree Farm Meadows,2022-01-27T07:01:00+0100
Shivalik Hill,2022-02-08T10:28:00+0100
IBBANI,2022-02-18T04:49:00+0100
The Rolling Greens,2022-03-05T01:48:00+0100
Tapovan,2022-07-01T05:45:00+0200
Mayurvan Farmland,2022-09-28T11:22:00+0200
Triguna Country Homes,2023-01-25T10:07:00+0100
Arinaa Country Farms,2023-02-27T07:06:00+0100
Shindawane Hills,2023-03-01T05:47:00+0100
Udyana Farmlands,2023-03-02T09:55:00+0100
Mango Dew Farms,2023-03-03T18:44:00+0100
Rewild Twilight In the Wilderness,2023-03-07T03:58:00+0100
Prkrti Farms,2023-03-07T08:13:00+0100
Parivar by Hasiru Farms,2023-03-09T15:47:00+0100
Urban Trilla,2023-03-17T04:28:00+0100
Tuscani Organic Farms,2023-03-17T05:27:00+0100
PVS Farmland,2023-03-17T06:31:00+0100
CK Atmos Breathe,2023-03-20T05:52:00+0100
Malnadthota,2023-03-20T07:17:00+0100
Sungraze Farms,2023-03-20T08:23:00+0100
Samraksha Farms,2023-03-20T09:34:00+0100
Greeshma Ecovillage,2023-03-20T10:35:00+0100
Madhuvana by VanaTvam,2023-03-20T11:15:00+0100
Aspire Maamara Farms,2023-03-23T18:49:00+0100
Flora Hills 3,2023-03-25T17:45:00+0100
Estate Arte,2023-03-26T04:18:00+0200
Vihaara Farms,2023-03-27T05:24:00+0200
Vihara Survi,2023-03-27T06:09:00+0200
Greenfield by Primeland,2023-04-01T06:33:00+0200
Vista Hills,2023-04-01T07:30:00+0200
Wanya Agro Farm,2023-04-01T08:30:00+0200
Ammu Farms,2023-04-01T10:10:00+0200
Lake View Orchards,2023-04-01T11:47:00+0200
Wood Bridge Gardens,2023-04-01T12:13:00+0200
Country Farms,2023-04-12T04:07:00+0200
My Big Land,2023-04-12T04:54:00+0200
Agrovan Farmland,2023-04-14T10:51:00+0200
The Coconut Habitat Farm,2023-04-14T11:32:00+0200
KG Farms Village,2023-04-28T04:49:00+0200
Country Roads,2023-04-28T05:46:00+0200
Red Sandalwood Farm,2023-04-28T07:58:00+0200
100 Acres,2023-04-28T10:01:00+0200
Ashoka Farmhouse,2023-04-28T11:30:00+0200
Aygaran Avenue,2023-04-29T06:42:00+0200
Blue Hills,2023-04-29T09:39:00+0200
Dragon Fruit Farm,2023-04-29T10:45:00+0200
Konkan Waterfront,2023-05-02T06:13:00+0200
Kanva Waterfront,2023-05-02T07:18:00+0200
Brundha Farms,2023-05-02T09:33:00+0200
Hill View Signature,2023-05-03T06:18:00+0200
High Lake Farms,2023-05-03T07:03:00+0200
Sadhvana Farms,2023-05-03T07:57:00+0200
Reserve by Primeland,2023-05-03T10:31:00+0200
Joy Farms Phase 3,2023-05-04T06:06:00+0200
Oxy Green Farm,2023-05-04T06:52:00+0200
Iconia by Primeland,2023-05-04T07:31:00+0200
Jayam Green County,2023-05-04T09:41:00+0200
Vanodhara Farmland,2023-05-05T06:03:00+0200
The Forest Farms,2023-05-05T06:33:00+0200
Woodlands,2023-05-05T07:39:00+0200
Suvarna Saketh at Mominpet,2023-05-05T08:13:00+0200
Joy Farms Phase 4,2023-05-06T08:42:00+0200
Pride Virutcham Farm,2023-05-06T10:09:00+0200
Sreevally Farm Meadows,2023-05-06T12:50:00+0200
KG Mango Estate,2023-05-08T06:21:00+0200
The Lake Side Farm Retreat,2023-05-08T07:05:00+0200
Lawnsview,2023-05-08T07:47:00+0200
Kamyaka Woods,2023-05-08T09:52:00+0200
Mytan Lepakshi,2023-05-09T06:42:00+0200
KG Properties Pannai Nilam Ongur,2023-05-09T07:11:00+0200
KG Properties Pasumai Pannai,2023-05-09T07:54:00+0200
SR Vaksana,2023-05-09T09:47:00+0200
Aarna Go Green Farmland,2023-05-10T05:52:00+0200
Seven Oaks Farmland,2023-05-10T06:48:00+0200
Sunshine Farms,2023-05-10T07:26:00+0200
The Sun Valley Farm House Land,2023-05-10T08:01:00+0200
Oxyrdige Farms,2023-05-10T09:38:00+0200
The Botanical Eco-Living Spaces,2023-05-10T10:08:00+0200
Svabhumi Sandal Misty,2023-05-11T06:15:00+0200
The Royal Nilgiris,2023-05-11T06:55:00+0200
Timber,2023-05-11T07:32:00+0200
Dhathri Vanam,2023-05-11T08:11:00+0200
Oak Tree Farms,2023-05-11T09:40:00+0200
Leisure Hill,2023-05-11T10:09:00+0200
Amtala Deuli Green Farms Eco Village,2023-05-12T07:08:00+0200
Aroma Sandolo,2023-05-12T07:34:00+0200
Bhoomi Farms,2023-05-12T09:49:00+0200
Chandana Siri,2023-05-12T10:15:00+0200
Chukki Farms,2023-05-12T10:49:00+0200
Country Farms by Sawera,2023-05-12T11:44:00+0200
Jeevan Sagar Farmhouse (Phase -2),2023-05-13T06:11:00+0200
Kalpataru Farms,2023-05-13T06:33:00+0200
Meraki Karjat,2023-05-13T07:28:00+0200
Araville Farms,2023-05-13T08:17:00+0200
Avillion Farms,2023-05-13T09:51:00+0200
Onroad Farmland,2023-05-15T06:02:00+0200
Sangama Eco Farms,2023-05-15T06:46:00+0200
Aero Western Green Farms,2023-05-15T07:47:00+0200
Shilpa Whistling Woods,2023-05-15T09:19:00+0200
Green Beauty Farms,2023-05-15T10:41:00+0200
Kapila Farms,2023-05-15T11:56:00+0200
Tashi Farms,2023-05-16T07:56:00+0200
Panchwati Farms Sohna,2023-05-16T11:15:00+0200
Nature Valley Vatika Farms,2023-05-17T06:00:00+0200
Eden Gardens,2023-07-03T12:01:00+0200
Green Garden,2023-05-17T07:33:00+0200
Urvi Farms,2023-07-14T07:17:00+0200
Greenfield at Kommireddypally,2023-05-17T12:03:00+0200
Dates and County,2023-05-18T08:00:00+0200
Amrita Vana,2023-05-18T09:36:00+0200
Amara Farms,2023-05-18T10:04:00+0200
Sukhdam Farms,2023-05-18T11:36:00+0200
Paalaar Green Phase 2,2023-05-18T11:50:00+0200
Nature Valley,2023-05-19T05:49:00+0200
Mystical Tree,2023-05-19T06:40:00+0200
Sun City,2023-05-19T07:12:00+0200
Gold Mine Hills II,2023-05-19T07:46:00+0200
Sandal Valley 1,2023-05-19T09:45:00+0200
Sandal Valley 2,2023-05-19T11:44:00+0200
Nandi Farms Phase 2,2023-05-20T06:22:00+0200
Hasiru Bhoomi,2023-05-20T06:54:00+0200
Hasiru Farms,2023-05-20T07:46:00+0200
Ruia Agro Farms,2023-05-20T08:16:00+0200
Sanjeevanam – Thumalapatti,2023-05-20T09:50:00+0200
Hill View Farms,2023-05-22T06:15:00+0200
Gavand Farms,2023-05-22T06:55:00+0200
Nethaji Farms,2023-05-22T07:31:00+0200
The River Front Farms,2023-05-22T08:09:00+0200
Fortune Woods,2023-05-22T12:18:00+0200
Channapatna,2023-05-23T06:18:00+0200
Dhaanvi Farms,2023-05-23T06:50:00+0200
Green Valley Farm Plots,2023-05-23T07:39:00+0200
Madhuvana Farms,2023-05-23T08:02:00+0200
Mytan Tulasi Farm,2023-05-23T09:55:00+0200
Eden Properties Farmland,2023-05-23T10:50:00+0200
Paalaar Valley,2023-05-23T11:02:00+0200
Paalaar Sanagamam,2023-05-23T11:44:00+0200
Green Acres Farmland,2023-05-25T06:05:00+0200
Manyata Earthsong,2023-05-25T06:41:00+0200
Coconut Groove,2023-05-25T07:24:00+0200
Mango Groove,2023-05-25T07:52:00+0200
Palm Farm,2023-05-25T09:21:00+0200
Pamena Greens,2023-05-25T10:31:00+0200
Panshet Hills,2023-05-25T10:57:00+0200
Vibez Coffee Estate,2023-05-25T11:33:00+0200
Arrjava Farms,2023-05-26T05:39:00+0200
Bhelpa Greens,2023-05-26T06:10:00+0200
Royal Oak Farms,2023-05-26T07:05:00+0200
Prakruti Hills Phase 1,2023-05-26T07:54:00+0200
Pushpam Lush County,2023-05-26T10:15:00+0200
Heart and Hills Farm,2023-05-26T12:10:00+0200
Sindhura vanam sandalwood farmland,2023-05-26T12:59:00+0200
Sunrise Farms,2023-05-27T06:32:00+0200
Serene County Farms,2023-05-27T06:48:00+0200
Saruna Eco Village,2023-05-27T07:43:00+0200
The Taj Greens,2023-05-27T11:39:00+0200
Metro Teak Park,2023-05-27T11:52:00+0200
Dream Fields,2023-05-29T05:53:00+0200
The Countryside Farm Retreat,2023-05-29T06:36:00+0200
Reynadu Farm Phase 3,2023-05-29T07:09:00+0200
Vaidhik Farms,2023-05-29T07:51:00+0200
Hilly Farms,2023-05-29T11:33:00+0200
Jagajyothi Farms,2023-05-30T06:25:00+0200
Mytan Malliage,2023-05-30T07:14:00+0200
Sri Lakshmi Farms,2023-05-30T07:28:00+0200
Fruit Bae,2023-05-30T07:39:00+0200
Pushpam Lush Haven,2023-05-30T09:47:00+0200
Pushpam Orchards,2023-05-30T10:35:00+0200
Central Enclave,2023-05-31T06:29:00+0200
Sandal Meadows,2023-05-31T07:04:00+0200
Sharanya Hill View Farms,2023-05-31T07:53:00+0200
Sapoi Tea Farms,2023-05-31T08:29:00+0200
North Ville at Pushpam Lush County,2023-05-31T11:39:00+0200
Motiram Baug,2023-06-01T07:25:00+0200
Backwater View Farmland,2023-06-01T07:54:00+0200
Dhaulas Nature Farms,2023-06-01T10:56:00+0200
Valluru-Narayankhed,2023-06-01T11:18:00+0200
Mudra Green Fields,2023-06-02T07:30:00+0200
GSR Infra Modern Farms I,2023-06-02T07:53:00+0200
GSR Infra Modern Farms II,2023-06-02T08:16:00+0200
Sree Maruthi Nagar Sandal Tree Plots,2023-06-02T10:35:00+0200
The Treasure Valley,2023-06-02T12:36:00+0200
Amyra Farms,2023-06-03T04:40:00+0200
Madras i5 Farms,2023-06-03T06:06:00+0200
Rain by the Farms,2023-06-03T06:38:00+0200
Sharanya Farms,2023-06-03T07:41:00+0200
Greens The Village Retreat,2023-06-03T08:05:00+0200
Tamara Farms,2023-06-05T07:00:00+0200
Golden Grove,2023-06-05T07:53:00+0200
Dharani Lakeview Farmland,2023-06-05T08:25:00+0200
Metro Coke Developers,2023-06-05T11:08:00+0200
Green Woods,2023-06-05T12:28:00+0200
Denkere Homes,2023-06-06T05:55:00+0200
Mythri Farms,2023-06-06T06:27:00+0200
Green Hills Farmland,2023-06-06T07:12:00+0200
Heritage County,2023-06-06T08:00:00+0200
Mahathae Sandalwood City,2023-06-06T08:14:00+0200
Subramaniyan Farmland,2023-06-07T12:04:00+0200
Chandan Valley Phase 2,2023-06-07T12:22:00+0200
Eshe Grand Valley Farm & Resort,2023-06-08T05:51:00+0200
Nature Avenues Phase 1,2023-06-08T07:02:00+0200
JMK Royals Farm,2023-06-08T07:42:00+0200
JMK Green Leaves,2023-06-08T08:18:00+0200
Bellevuee,2023-06-08T10:03:00+0200
Paloma,2023-06-08T11:38:00+0200
Green Villa,2023-06-09T06:10:00+0200
Mount Valley,2023-06-09T06:42:00+0200
Real Bellezza,2023-06-09T07:28:00+0200
Bloom Aura,2023-06-09T07:53:00+0200
Dam View,2023-06-09T10:57:00+0200
Country Farms II,2023-06-09T11:12:00+0200
Anandavanam,2023-06-10T06:19:00+0200
KGP Green City Manthoppu,2023-06-10T07:26:00+0200
The Retreat Valley Beyond Luxury,2023-06-10T06:57:00+0200
KGP Green City Avanipur,2023-06-10T08:12:00+0200
Royal Meridian,2023-06-10T10:22:00+0200
Siri Chandana Narsampally,2023-06-12T06:38:00+0200
Siri Chandana Pochannapet,2023-06-12T07:04:00+0200
Farm Exotica,2023-06-12T07:24:00+0200
Nature View Phase 2,2023-06-12T08:08:00+0200
RRR River Side,2023-06-12T11:23:00+0200
Anantara Farmhouse,2023-06-12T12:06:00+0200
Bamboo Beverly,2023-06-13T06:15:00+0200
Santalum City,2023-06-13T06:31:00+0200
Nallamala Green Fields,2023-06-13T07:05:00+0200
Eco Habitat Farms,2023-06-13T11:04:00+0200
Madhuvan Farms,2023-06-13T11:24:00+0200
Vasudha Farms,2023-06-14T05:58:00+0200
Sun City Phase 1,2023-06-14T06:43:00+0200
Prithis Farms,2023-06-14T07:17:00+0200
Aira Farms,2023-06-14T07:51:00+0200
Oakland Gardens,2023-06-14T10:34:00+0200
Moggs Ashwa,2023-06-15T06:05:00+0200
Royal Meadows,2023-06-15T07:02:00+0200
Northstar,2023-06-15T07:40:00+0200
The Coconut Farmland,2023-06-15T08:00:00+0200
The Family Farmer,2023-06-15T10:23:00+0200
Aparanji Farms,2023-06-16T06:06:00+0200
Nisarga Farms,2023-06-16T06:54:00+0200
Pristine Woods,2023-06-16T07:19:00+0200
Moggs Sagwan,2023-06-16T07:57:00+0200
By the Lake,2023-06-16T11:48:00+0200
Golden Farms,2023-06-17T06:11:00+0200
Signature Fields,2023-06-17T06:57:00+0200
Mango Farms,2023-06-17T07:52:00+0200
Chandana Gardens,2023-06-17T09:36:00+0200
Nivriti Farms,2023-06-17T11:38:00+0200
Thavalam,2023-06-19T08:03:00+0200
Arecanut Plantation,2023-06-19T09:27:00+0200
Nature Gardens,2023-06-19T10:06:00+0200
Lake Front Gardens,2023-06-19T10:31:00+0200
Manavooru,2023-06-19T11:59:00+0200
Attappadi,2023-06-20T06:53:00+0200
Oragadam Farm Plots,2023-06-20T07:43:00+0200
Green Mountain Valley,2023-06-20T11:20:00+0200
Ridge Farms Pali,2023-06-20T11:35:00+0200
ASB Hillview Farm,2023-06-21T06:30:00+0200
ASB Urban Farm,2023-06-21T07:21:00+0200
ASB Farmhouse,2023-06-21T07:54:00+0200
Gaganpalli Green Farms,2023-06-21T11:05:00+0200
Polakpalli Farms,2023-06-21T11:18:00+0200
River Woods,2023-06-22T06:11:00+0200
Sri Surya Satya Deva Gardens,2023-06-22T06:47:00+0200
Bliss Bilva,2023-06-22T07:37:00+0200
Green Swing,2023-06-22T08:10:00+0200
Vision Forest,2023-06-22T11:17:00+0200
Palm Serenity,2023-06-22T11:33:00+0200
Maple Farms,2023-06-23T06:09:00+0200
The Red Wood Farmland,2023-06-23T06:48:00+0200
Woodzo,2023-06-23T07:27:00+0200
Kokanwadi Plots,2023-06-23T08:09:00+0200
Manjeera Farm Stay,2023-06-23T11:23:00+0200
Manjeera Agro Farms,2023-06-23T11:40:00+0200
Hillview Farmland - Lalithdripura,2023-06-24T06:11:00+0200
Dream Valley,2023-06-24T06:43:00+0200
Sangem Shadnagar,2023-06-24T07:12:00+0200
Hari Chandana Agro Park,2023-06-24T08:01:00+0200
Da Foreste,2023-06-24T11:33:00+0200
Attapadi Farmland,2023-06-26T06:15:00+0200
Vasavi Sandal World,2023-06-26T06:54:00+0200
Fortune Woods Kadthal,2023-06-26T07:24:00+0200
Nandanavanam Farmland,2023-06-26T08:14:00+0200
Tree Vanam,2023-06-26T11:59:00+0200
Keerthi Farms,2023-06-26T12:19:00+0200
Lucky Farms Phase II,2023-06-27T06:23:00+0200
Padmaram Farmland,2023-06-27T07:00:00+0200
Yethbarpally Moinabad Farmland,2023-06-27T07:41:00+0200
Coconut Farmland,2023-06-27T08:10:00+0200
Lalitha Gardenia,2023-06-27T10:28:00+0200
Max Lake View Farmland,2023-06-28T07:18:00+0200
The Max Village View Farmland,2023-06-28T07:45:00+0200
Swasthya Farms,2023-06-28T08:14:00+0200
Damini Farmland,2023-06-28T11:44:00+0200
Kammeta Greens,2023-06-28T12:08:00+0200
Pali Hill Farms,2023-06-29T07:08:00+0200
Whispers of Forest,2023-06-29T07:59:00+0200
Nature Woods,2023-06-29T10:32:00+0200
Navrang Farms,2023-06-29T11:08:00+0200
Green City Phase-4,2023-06-29T11:32:00+0200
Mountain Valley,2023-06-30T06:01:00+0200
Dukes Nose Valley,2023-06-30T06:36:00+0200
Chandargaon Valley,2023-06-30T07:03:00+0200
Pali Hill City,2023-06-30T07:53:00+0200
Dukes Nose Villa,2023-06-30T11:50:00+0200
Mountain Farmhouse,2023-07-01T06:26:00+0200
Poombarai Farmland,2023-07-01T06:56:00+0200
Mountain View Farms,2023-07-01T07:27:00+0200
Hebbevu Ksheera,2023-07-01T09:14:00+0200
The Origin Sasoli,2023-07-01T11:36:00+0200
Nature Bliss Project,2023-07-03T05:55:00+0200
Tranquil,2023-07-03T06:28:00+0200
Dream City Phase 1,2023-07-03T07:14:00+0200
Dreamland,2023-07-03T07:44:00+0200
River Edge Nature Green,2023-07-03T11:46:00+0200
Eden Gardens,2023-07-03T12:01:00+0200
Urvi Farms,2023-07-14T07:17:00+0200
Lakshmi Estates,2023-07-14T07:47:00+0200
Aarna Farms,2023-07-14T07:58:00+0200
Safari Farm Phase 1,2023-07-14T11:47:00+0200
Nature Hills,2023-07-14T12:06:00+0200
Namma Chennai Farms,2023-07-15T05:47:00+0200
Grow Farms,2023-07-15T06:17:00+0200
Kingsbay,2023-07-15T06:41:00+0200
Krishi Farms of Keralam,2023-07-15T07:12:00+0200
Happy Hills,2023-07-15T11:27:00+0200
Western Blossoms,2023-07-17T06:06:00+0200
Captain Paradise Ambeli,2023-07-17T06:58:00+0200
Cherubic Farms – I,2023-07-17T07:40:00+0200
Green Hillock,2023-07-17T08:05:00+0200
West Wood Hills,2023-07-17T11:38:00+0200
Sampangi The Palm Valley,2023-07-18T06:20:00+0200
Sampangi's The Date Palm Valley,2023-07-18T06:54:00+0200
Girivan Farm Plots,2023-07-18T07:46:00+0200
Akshaya CSA Kothakota,2023-07-18T08:13:00+0200
Valley Meadows,2023-07-18T11:16:00+0200
Ambition Farms,2023-07-20T07:59:00+0200
Yadadri Nature Space,2023-08-04T07:57:00+0200
Kodikonda Hills,2023-08-10T07:57:00+0200
Nikit Rock Garden,2023-11-16T17:26:00+0100
Hillside village,2023-11-17T10:42:00+0100
Waters Edge,2023-11-17T18:00:00+0100
PLG Waterfont,2023-11-18T12:26:00+0100
Atulya Vanam,2023-11-18T12:49:00+0100
Earthood Kalpavrusha,2023-11-18T13:21:00+0100
Anantha Valley City,2023-11-20T09:58:00+0100
East Fields,2023-11-20T13:55:00+0100
Mobility valley,2023-11-20T14:41:00+0100
Bheemeshwari Farm Plots,2023-11-22T07:46:00+0100
Dream Valley 2,2023-11-22T10:13:00+0100
Sandal Valley,2023-11-23T06:08:00+0100
Lavoura Polam,2023-11-23T07:02:00+0100
Green Valley Pune,2023-11-23T07:41:00+0100
Dam Touch Cashew,2023-11-23T08:42:00+0100
The Village  Farm Project,2023-11-23T09:50:00+0100
Kharun Royal Farms,2023-11-23T11:48:00+0100
Sandalwood Farms,2023-11-23T12:05:00+0100
Green Leaf,2023-11-24T05:07:00+0100
Dd infra farmland,2023-11-24T06:32:00+0100
Valley View Farm,2023-11-24T06:59:00+0100
Aranyam by AMT,2023-11-24T08:16:00+0100
Kadamba Project,2023-11-24T09:41:00+0100
Main Road Touch Plot,2023-11-24T10:33:00+0100
Malabar Natural Greens,2023-11-25T05:35:00+0100
Malabar Blossom,2023-11-25T07:24:00+0100
Eden Gardens Hyderabad,2023-11-25T08:34:00+0100
Vedic Agro Farms,2023-11-25T10:33:00+0100
Pragati Green Living,2023-11-25T12:08:00+0100
Morya Palms,2023-11-27T05:27:00+0100
Rivera Farm,2023-11-27T07:14:00+0100
Nimz River View,2023-11-27T12:13:00+0100
948A Orchads,2023-11-27T12:45:00+0100
Nandaavana Graama,2023-11-27T14:07:00+0100
Supriya Orchard Farm,2023-11-27T15:18:00+0100
Supriya Green Srushti,2023-11-28T16:35:00+0100
Rise With The Sun,2023-11-29T04:22:00+0100
Palani Vanam,2023-11-30T05:22:00+0100
Subhaketana Farmland,2023-11-30T06:28:00+0100
Sharanya Hillview Farms,2023-11-30T11:47:00+0100
Arputham Garden,2023-12-04T09:13:00+0100
Green life,2023-12-04T09:37:00+0100
Vanya Orchard Homes,2023-12-06T10:22:00+0100
Deccan Eden,2023-12-06T11:07:00+0100
Deccan Valley Holiday Homes,2023-12-06T12:41:00+0100
Deccan Aamrai,2023-12-06T13:07:00+0100
Sharanya Weekend Village,2023-12-06T13:44:00+0100
Vaikuntam Project,2023-12-07T15:47:00+0100
Twin Lakes,2023-12-12T08:08:00+0100
Aishwaryam Project,2023-12-12T08:29:00+0100
Orchard Park,2023-12-12T10:55:00+0100
Sky Park,2023-12-12T14:06:00+0100
Haridwar Mango Farmhouse,2023-12-14T06:01:00+0100
Farm 101,2023-12-14T13:09:00+0100
Somewhere Over The Rainbow,2023-12-14T13:51:00+0100
Amrithvanam,2023-12-14T14:09:00+0100
Diviana Park,2023-12-15T09:34:00+0100
Serenity Park,2023-12-15T12:13:00+0100
Emerald Park,2023-12-15T12:40:00+0100
Malshej Park,2023-12-15T13:00:00+0100
Mountain Park,2023-12-15T13:27:00+0100
Shri Gandhavriksha Farms,2023-12-18T10:41:00+0100
Namo Green Farms,2023-12-18T12:10:00+0100
Regen Farms,2023-12-19T06:39:00+0100
Shubhaketana,2023-12-19T07:26:00+0100
Golden Farm County,2023-12-19T09:42:00+0100
Farm Village,2023-12-20T09:56:00+0100
Asr Green County 1,2023-12-20T12:15:00+0100
Asr Green County 2,2023-12-20T12:39:00+0100
Alphonso Farms,2023-12-26T09:25:00+0100
Exclusive New Mahabaleshwar,2023-12-26T09:59:00+0100
Asr Green County 3,2023-12-28T13:11:00+0100
Coconut County,2023-12-28T14:25:00+0100
Chincheni Baug,2023-12-29T12:23:00+0100
Ambar Lake View,2023-12-30T12:33:00+0100
Utopia Farm Living,2023-12-30T13:11:00+0100
Oxygreen Farms,2024-01-03T12:48:00+0100
Ambrosia,2024-01-03T13:59:00+0100
Spice Haven,2024-01-05T10:18:00+0100
Hillsong Coffee Estate,2024-01-05T11:34:00+0100
Mango County Farms,2024-01-08T08:11:00+0100
Samruddhi Farms,2024-01-08T10:42:00+0100
Boho Green Hills,2024-01-08T12:56:00+0100
The Misty Valley Farm Retreat,2024-01-08T13:32:00+0100
Satgarhi Farms,2024-01-09T09:56:00+0100
Blissfull Hills,2024-01-09T12:02:00+0100
Varahu Naadu,2024-01-09T12:28:00+0100
Chettinad Farms,2024-01-10T10:12:00+0100
Krishi Farms,2024-01-10T10:34:00+0100
SpringDale Kotagiri,2024-01-10T13:44:00+0100
Amayaa,2024-01-11T14:38:00+0100
Vanantram,2024-01-12T08:16:00+0100
West Woods,2024-01-12T09:26:00+0100
Aranya Farms,2024-01-12T11:09:00+0100
Red Sandalwood,2024-01-12T14:08:00+0100
Sharanya Sandal Valley Farm,2024-01-13T07:47:00+0100
Sai Brundavanam,2024-01-15T09:11:00+0100
Vasantha Red Sandal Garden Phase II,2024-01-15T12:33:00+0100
Vasantha Vanam,2024-01-15T12:59:00+0100
Svamithva Farmland,2024-01-16T11:34:00+0100
Lake View Farm,2024-01-16T12:05:00+0100
Sangam Farms,2024-01-17T05:40:00+0100
Sanjeevani Farm,2024-01-17T06:24:00+0100
Vipra Farms,2024-01-17T09:14:00+0100
Silver Woods,2024-01-17T10:04:00+0100
Sandalwood Subrubs,2024-01-17T15:41:00+0100
Green Vista,2024-01-17T16:12:00+0100
Misty Meadows,2024-01-19T14:50:00+0100
Mango Bliss,2024-01-19T15:09:00+0100
Mango Paradise,2024-01-19T15:30:00+0100
Mango Farmland,2024-01-19T17:07:00+0100
Mountain View,2024-01-19T17:26:00+0100
Platina Farmland,2024-01-21T10:04:00+0100
Yadadri Grandeur,2024-01-21T10:35:00+0100
Century Hills,2024-01-21T11:10:00+0100
Sannidhi Eco Farms,2024-01-23T14:07:00+0100
Rurban,2024-01-23T14:30:00+0100
Hill top,2024-01-23T15:13:00+0100
Karandi Hills,2024-01-24T13:45:00+0100
Vasundhara,2024-01-24T14:36:00+0100
Mount Reveria,2024-01-24T15:02:00+0100
Rhythms of Earth,2024-01-25T13:56:00+0100
Mapple Woods,2024-01-25T14:33:00+0100
Visishta Green County,2024-01-28T16:55:00+0100
Visishta Garden II,2024-01-28T17:16:00+0100
Visishta Garden I,2024-01-28T17:33:00+0100
Green Gold Agro Farm Phase I,2024-01-29T15:03:00+0100
Green Forest,2024-01-29T15:30:00+0100
Dhatri Sandal Farms,2024-01-31T14:38:00+0100
Lake Woods,2024-01-31T15:15:00+0100
Peacock Avenue,2024-02-01T14:59:00+0100
Konal Farmland,2024-02-01T15:28:00+0100
Madkol Farmland,2024-02-01T16:13:00+0100
Mangeli Farmland,2024-02-01T16:35:00+0100
Eco Valley Farmland,2024-02-02T06:38:00+0100
Tanvitha Farmland,2024-02-02T07:28:00+0100
Noida Green Beauty Farms,2024-02-02T07:57:00+0100
Ananda Farmland,2024-02-03T09:13:00+0100
Sai Vanam,2024-02-03T17:52:00+0100
Farm County,2024-02-03T18:28:00+0100
922 Emblica Estate Farm,2024-02-05T13:37:00+0100
Brihiti Farms,2024-02-05T14:18:00+0100
Utopiaa Phase I,2024-02-05T14:57:00+0100
Ecopia,2024-02-05T15:15:00+0100
Utopiaa Phase 2,2024-02-07T14:27:00+0100
Ecowoods Habitat,2024-02-07T14:38:00+0100
Farm Hills,2024-02-08T14:11:00+0100
Nandivali Hills,2024-02-08T14:40:00+0100
Eco Nest,2024-02-08T15:07:00+0100
Samruddhi Natures Nest Farmland,2024-02-08T15:25:00+0100
Rainbow Garden,2024-02-12T13:03:00+0100
Red Rose Farms,2024-02-12T14:56:00+0100
Lavoura Lotus Farms,2024-02-12T15:23:00+0100
Lavoura Vanam,2024-02-12T15:46:00+0100
Tuscany Village,2024-02-12T16:10:00+0100
Forest Breeze,2024-02-12T16:25:00+0100
Green Valley,2024-02-13T13:25:00+0100
Royale Orchards,2024-02-13T13:51:00+0100
Varinda Highway Farms,2024-02-13T14:07:00+0100
Laughter In The Rain,2024-02-13T14:49:00+0100
Godham Eco Village,2024-02-13T15:13:00+0100
Wooden Valley Phase II,2024-02-14T13:27:00+0100
SK Sarayu Farmlands,2024-02-14T13:42:00+0100
Aroma Sandolo Farmland Phase 3,2024-02-14T14:17:00+0100
Wildernest Farm Homes,2024-02-14T14:50:00+0100
Gandhada Gudi,2024-02-15T14:00:00+0100
Ananda By Akshara,2024-02-15T16:23:00+0100
Sreerasthu Subhamasthu Farmland,2024-02-16T12:25:00+0100
Elora,2024-02-16T12:41:00+0100
Mytan Amrutha,2024-02-18T13:38:00+0100
Mytan Aamra,2024-02-18T14:15:00+0100
Temple Hills,2024-02-18T14:24:00+0100
GRP Green Valley,2024-02-18T15:44:00+0100
Dream City,2024-02-19T13:17:00+0100
Green Scape Avenue,2024-02-19T13:40:00+0100
Spt Farms,2024-02-19T14:23:00+0100
Sukhibhava Organic Farms,2024-02-19T14:51:00+0100
Lali Farms,2024-02-19T15:52:00+0100
Mango Estates,2024-02-20T13:52:00+0100
Nature View Phase 5,2024-02-20T14:16:00+0100
Red Sandalwood Farm Plots,2024-02-20T14:45:00+0100
Weekend Gateaway,2024-02-20T15:00:00+0100
Mountainview Farms,2024-02-20T15:47:00+0100
Lake View,2024-02-21T13:29:00+0100
Gokulam Farmlands,2024-02-21T14:10:00+0100
Palm Meadows,2024-02-21T14:31:00+0100
Kelageri Farm,2024-02-21T15:02:00+0100
Sreekhaaraa Farm Lands,2024-02-21T15:37:00+0100
Royal View Mulshi,2024-02-22T13:39:00+0100
Royal View Phase 2,2024-02-22T13:55:00+0100
Bliss Mulshi,2024-02-22T14:09:00+0100
Oryza Farms,2024-02-22T14:27:00+0100
Sri Vanam,2024-02-22T15:03:00+0100
Vinayak Farm,2024-02-22T15:26:00+0100
The Jungle Farmland,2024-02-22T16:20:00+0100
Hansika Farmland,2024-02-22T16:42:00+0100
Labhi Farms,2024-02-23T11:51:00+0100
Shaantivan,2024-02-23T12:10:00+0100
Mai Farm Villas,2024-02-23T13:14:00+0100
Dream Valley Farmland,2024-02-23T16:45:00+0100
Vasudha Red Sandalwood Farmlands,2024-02-23T17:17:00+0100
Vishnu Hill View,2024-02-23T18:30:00+0100
The Indian Splendid Sandalwood Projects,2024-02-23T18:44:00+0100
Aloor Valley,2024-02-23T19:03:00+0100
Eco Valley,2024-02-26T13:39:00+0100
Lake Veiw Farm Noida,2024-02-26T14:17:00+0100
Sree Vanam,2024-02-26T15:02:00+0100
Forest Peak,2024-02-26T15:14:00+0100
Lutyenz Living,2024-02-26T15:54:00+0100
Lucky Bro Farms,2024-02-27T13:21:00+0100
The Vayu,2024-02-27T13:45:00+0100
Haritha Vanam Farmland,2024-02-28T13:23:00+0100
Sri Shirdi Sai Nagar Farm,2024-02-28T13:10:00+0100
Kapil Farms,2024-02-28T13:52:00+0100
Green Nest,2024-02-28T14:54:00+0100
Vrindavanam Real Farms,2024-02-29T13:40:00+0100
Mruganayani,2024-02-29T14:23:00+0100
Laxmi Vihar,2024-02-29T15:00:00+0100
West City,2024-02-29T15:35:00+0100
Go Valley,2024-03-01T11:22:00+0100
Go Ranch,2024-03-01T12:05:00+0100
AVs East City Phase 3,2024-03-01T12:28:00+0100
Opal Peace City,2024-03-01T13:17:00+0100
Gayatri Vanam,2024-03-01T14:21:00+0100
Shiva Parvathi Farmland,2024-03-01T14:59:00+0100
Renuka Sahasra Gardens,2024-03-02T14:53:00+0100
Sandrock Farms,2024-03-03T09:41:00+0100
Manapolam Farmlands,2024-03-03T11:59:00+0100
Cora Natura,2024-03-03T12:39:00+0100
Suprabhat Farms,2024-03-04T14:23:00+0100
Elegant Orchard,2024-03-05T13:04:00+0100
Green Meadows,2024-03-05T13:20:00+0100
Renuka Sahasra Gardens Boomalaramaram,2024-03-05T16:11:00+0100
Golden Green Valley,2024-03-06T13:45:00+0100
Shantivana Phase 2,2024-03-06T14:11:00+0100
Nandavana Farmland,2024-03-06T14:40:00+0100
Brindavana Farmland,2024-03-07T07:38:00+0100
Terra Ranch,2024-03-07T07:59:00+0100
Green Woods By Golden Era,2024-03-07T08:25:00+0100
Sri Brindavana Farms,2024-03-07T14:20:00+0100
Gokul Green Farms,2024-03-07T14:45:00+0100
Tripura Inland,2024-03-07T15:04:00+0100
Heavenly Woods Phase 2,2024-03-07T16:08:00+0100
Dam View Farmhouse,2024-03-08T11:30:00+0100
Lagoona Hills,2024-03-08T12:10:00+0100
Shantivan Acres,2024-03-08T12:18:00+0100
Chettinad Thotti House,2024-03-08T12:47:00+0100
Shri Gokul Green Farms,2024-03-08T13:05:00+0100
Shri Gokul Green Dham,2024-03-08T13:21:00+0100
Westwood Fields,2024-03-08T13:39:00+0100
Madhura Vanam,2024-03-08T14:04:00+0100
Vasushree Narayani Vishwa Phase 1,2024-03-09T13:44:00+0100
Vasushree Narayani Vishwa Phase 2,2024-03-09T14:06:00+0100
Niwant Farmhouse,2024-03-09T14:19:00+0100
Ruchi Bevu,2024-03-09T14:53:00+0100
Rolling Fields,2024-03-19T13:47:00+0100
Kohinoor Hills,2024-03-19T15:12:00+0100
Eera Farms,2024-03-21T15:49:00+0100
Texas Ranch,2024-03-22T14:04:00+0100
Vastu Bhoomi Phase 2,2024-03-22T15:22:00+0100
Rugveda 1,2024-03-26T13:09:00+0100
Vidya Park Phase 1,2024-03-26T13:32:00+0100
Vijayawada Farmhouse Plots,2024-03-27T14:11:00+0100
Himagiri Farmlands,2024-03-27T14:44:00+0100
Vidya Park Phase 2,2024-03-27T17:09:00+0100
Vidya Park Phase 3,2024-03-27T17:26:00+0100
Ohana Farms,2024-03-29T13:37:00+0100
Green Wings Comfort,2024-03-29T14:02:00+0100
Green Farms,2024-03-29T14:27:00+0100
Swarna Siri Vanam,2024-03-29T13:27:00+0100
Nakshatra Vanam,2024-03-29T16:02:00+0100
Unicornia Khandshi,2024-03-29T16:40:00+0100
Kanand Machi,2024-03-29T17:03:00+0100
Aishwaryam Pannai Nilam,2024-03-29T17:40:00+0100
Gangapalem Phase-10,2024-03-30T11:30:00+0100
Shree Farms,2024-03-30T12:20:00+0100
Sandalwood Plantation Plots,2024-03-30T13:02:00+0100
Living By The Nature,2024-03-30T13:25:00+0100
Hills And Height Farms,2024-03-30T14:07:00+0100
Vista Farms,2024-03-30T14:33:00+0100
Lake Attic,2024-03-31T11:17:00+0200
Mango Farm Ambeghar,2024-03-31T12:42:00+0200
Mango Farm Harnas,2024-03-31T13:27:00+0200
Kokanwadi Phase 2,2024-03-31T13:40:00+0200
Nidhi Green Farms,2024-03-31T13:54:00+0200
Vrindavan Dham,2024-03-31T14:25:00+0200
Shrushti Farm,2024-03-31T14:49:00+0200
Vrindavan Holiday Homes,2024-03-31T15:03:00+0200
Green Village Farmhouse 1,2024-04-01T13:52:00+0200
Green Village Farm House Plots 4,2024-04-01T14:08:00+0200
Green Village,2024-04-02T16:29:00+0200
Aalok Farms,2024-04-04T05:02:00+0200
Vayalum Vazhvum Pannai,2024-04-04T12:31:00+0200
Brindhavanam Pasumai Pannai,2024-04-04T12:45:00+0200
Green Revolution Tech Agro Farms,2024-04-04T13:05:00+0200
Mancholai,2024-04-04T15:52:00+0200
Manvasanai Pannai Nilam,2024-04-04T16:11:00+0200
Mirai Farms,2024-04-04T16:24:00+0200
The Vantage,2024-04-05T11:15:00+0200
Forest By The Hills,2024-04-05T11:40:00+0200
Rachakonda Farmlands,2024-04-05T12:01:00+0200
Nature Nest,2024-04-05T12:14:00+0200
Vanarai Organic Village,2024-04-05T12:34:00+0200
Metro Coco Bae,2024-04-05T12:20:00+0200
Fortune Retreat,2024-04-05T12:59:00+0200
Mahogany Farms,2024-04-05T13:02:00+0200
Nyra Farms,2024-04-05T13:33:00+0200
Swarna Dhatri,2024-04-05T14:16:00+0200
Safari Farms Phase 2,2024-04-05T15:21:00+0200
Samriddhi Golden Estate,2024-04-05T15:43:00+0200
Dream Farms Phase 1,2024-04-06T11:22:00+0200
Dream Farms Phase 4,2024-04-06T11:42:00+0200
Samriddhi Sampada Farms,2024-04-06T12:44:00+0200
Samriddhi Farms Kolar,2024-04-06T12:52:00+0200
Samriddhi Farms Ratibad,2024-04-06T13:14:00+0200
Krishnapuram Farmhouse,2024-04-08T12:43:00+0200
Rama Agriculture Park,2024-04-08T13:04:00+0200
Shridhara Farm,2024-04-08T13:48:00+0200
Kalpavruksha Farm Plots 1,2024-04-08T14:51:00+0200
Metro Green Leaf,2024-04-09T13:25:00+0200
Arrjava Farms II,2024-04-09T13:52:00+0200
Prakruti Nilayam,2024-04-09T14:18:00+0200
